Region Code,Region Name,Baseline FWI,G6-HiLLA FWI,Delta FWI,% Change
CAU,C.Australia,63.141264728059504,53.416066053256955,-9.725198674802632,-15.402286787709437
EAU,E.Australia,52.48571162867887,45.77975708932943,-6.705954539349426,-12.776724047855382
NAU,N.Australia,46.96693057654728,41.44567964406592,-5.521250932481355,-11.755613715234714
NCA,N.Central-America,45.65104298392939,40.59865747643653,-5.052385507492857,-11.067404329122258
SAU,S.Australia,44.26409144999874,39.23556292150266,-5.0285285284960635,-11.360288585560065
SAH,Sahara,42.77586769743697,38.27128147040291,-4.504586227034045,-10.530671777124383
ARP,Arabian-Peninsula,37.24028422895635,33.881856445020105,-3.3584277839362926,-9.018265712711404
SAS,S.Asia,36.93828809903022,33.599406040688244,-3.338882058341944,-9.039081750054443
CAR,Caribbean,35.806363280805044,32.694644637551384,-3.111718643253649,-8.690406838724613
SES,S.E.South-America,35.3719294835359,32.26979901100493,-3.1021304725310124,-8.770034651275896
MDG,Madagascar,35.01959404732713,32.06244690599166,-2.9571471413354784,-8.444264480447833
CNA,C.North-America,33.00954601472736,29.735481656182444,-3.274064358544915,-9.918537980147258
WSAF,W.Southern-Africa,32.72281540140551,30.030130026619272,-2.6926853747862345,-8.228770482476834
TIB,Tibetan-Plateau,32.67508918787144,30.057731866052734,-2.6173573218187105,-8.010253030281664
ESAF,E.Southern-Africa,31.5011305350293,29.004198009221245,-2.4969325258080746,-7.926485441630304
SWS,S.W.South-America,29.647392603805226,27.302888516249133,-2.344504087556095,-7.9079604702073425
EAS,E.Asia,29.49064136665041,27.17960067035239,-2.3110406962980563,-7.83652233115374
SCA,S.Central-America,29.361553532834193,27.19476844959682,-2.166785083237377,-7.379667703258007
SAM,South-American-Monsoon,25.648362782018953,23.983477384644846,-1.6648853973741213,-6.491195603881944
WCA,W.C.Asia,24.644033979276642,22.994820511692975,-1.6492134675836903,-6.692140860422866
MED,Mediterranean,23.26865054593059,21.798381464530543,-1.4702690814000445,-6.3186693121624975
WAF,Western-Africa,22.940385722233263,21.4868448184635,-1.4535409037697649,-6.336165927502374
WNA,W.North-America,20.184484356248994,18.904373651552152,-1.2801107046968405,-6.342053044820674
NEAF,N.Eastern-Africa,19.859534006148632,18.694557362305588,-1.1649766438430353,-5.866082474454639
NES,N.E.South-America,19.76460917845784,18.638113415959708,-1.1264957624981284,-5.699560018246853
ENA,E.North-America,18.771415454095685,17.588377819260085,-1.1830376348356004,-6.302335792037867
CAF,Central-Africa,18.490033064471653,17.204495403467646,-1.285537661004015,-6.952597956539893
ECA,E.C.Asia,16.092847632106725,15.441099660629437,-0.6517479714772826,-4.049923210463949
SEA,S.E.Asia,15.446176362216805,14.656319951701562,-0.7898564105152373,-5.11360476530183
NZ,New-Zealand,15.355303642537034,14.78021738576808,-0.5750862567689518,-3.745196253728645
NWS,N.W.South-America,12.134321872025977,11.69573859543493,-0.43858327659105084,-3.6144028584089263
NSA,N.South-America,9.487625479181897,9.232246670069056,-0.2553788091128508,-2.6917041537232134
SEAF,S.Eastern-Africa,9.134760110878727,8.897789618639475,-0.23697049223924088,-2.5941621822891623
SSA,S.South-America,8.453155616491898,8.230395064229238,-0.22276055226265665,-2.6352354359602623
WCE,West&Central-Europe,4.654136255259419,4.586279304643663,-0.06785695061575338,-1.457992351192423
ESB,E.Siberia,3.3677651776243676,3.326441392825151,-0.04132378479922257,-1.2270387814974213
WSB,W.Siberia,3.363828774864503,3.3220885777074955,-0.04174019715700551,-1.240853799364054
EEU,E.Europe,3.2667537309715655,3.221675384607032,-0.04507834636452982,-1.3799126006087676
RFE,Russian-Far-East,2.3776122508944852,2.3404674974686848,-0.03714475342580288,-1.5622712833779433
NEN,N.E.North-America,2.0389984717729903,2.0219856117605026,-0.017012860012488716,-0.8343733577050862
NWN,N.W.North-America,1.5620190571774297,1.5557693503194188,-0.006249706858010907,-0.4001043924076182
NEU,N.Europe,1.4663614336579809,1.4739562671907642,0.007594833532784162,0.5179373487638237
RAR,Russian-Arctic,1.0325898591027214,1.027041791226517,-0.0055480678762049665,-0.5372963744797346
GIC,Greenland/Iceland,1.0219024601342261,1.0222291576502753,0.0003266975160480518,0.03196954002892593
EAN,E.Antarctica,1.0054424296937425,1.0053940650233626,-4.836467037943337e-05,-0.004810287387083222
WAN,W.Antarctica,1.0002731764432766,1.0040802412922794,0.003807064849002997,0.3806025132593985
