model,metric,quantity,region,region_name,value
MIROC-ES2H,days_p95,target,NWN,N.W.North-America,18.299999999999997
MIROC-ES2H,days_p95,target,NEN,N.E.North-America,18.300000000000004
MIROC-ES2H,days_p95,target,WNA,W.North-America,18.300000000000043
MIROC-ES2H,days_p95,target,CNA,C.North-America,18.29999999999999
MIROC-ES2H,days_p95,target,NCA,N.Central-America,18.275224401816228
MIROC-ES2H,days_p95,ssp245,NWN,N.W.North-America,25.904713450748417
MIROC-ES2H,days_p95,ssp245,NEN,N.E.North-America,35.10437124171044
MIROC-ES2H,days_p95,ssp245,WNA,W.North-America,18.447707593192497
MIROC-ES2H,days_p95,ssp245,CNA,C.North-America,32.75979520709775
MIROC-ES2H,days_p95,ssp245,NCA,N.Central-America,23.86169540502573
MIROC-ES2H,days_p95,G6-1.5K-SAI,NWN,N.W.North-America,19.4154234660011
MIROC-ES2H,days_p95,G6-1.5K-SAI,NEN,N.E.North-America,20.315463565237724
MIROC-ES2H,days_p95,G6-1.5K-SAI,WNA,W.North-America,20.119483086681296
MIROC-ES2H,days_p95,G6-1.5K-SAI,CNA,C.North-America,31.53652729524328
MIROC-ES2H,days_p95,G6-1.5K-SAI,NCA,N.Central-America,18.74099751198585
MIROC-ES2H,days_p95,G6-1.5K-HiLLA,NWN,N.W.North-America,22.967133031779625
MIROC-ES2H,days_p95,G6-1.5K-HiLLA,NEN,N.E.North-America,25.8791920713468
MIROC-ES2H,days_p95,G6-1.5K-HiLLA,WNA,W.North-America,14.454997151678588
MIROC-ES2H,days_p95,G6-1.5K-HiLLA,CNA,C.North-America,21.634578969126117
MIROC-ES2H,days_p95,G6-1.5K-HiLLA,NCA,N.Central-America,18.134510335843387
MIROC-ES2H,days_p95,d_ssp245_minus_target,NWN,N.W.North-America,7.604713450748425
MIROC-ES2H,days_p95,d_ssp245_minus_target,NEN,N.E.North-America,16.80437124171044
MIROC-ES2H,days_p95,d_ssp245_minus_target,WNA,W.North-America,0.14770759319246107
MIROC-ES2H,days_p95,d_ssp245_minus_target,CNA,C.North-America,14.459795207097756
MIROC-ES2H,days_p95,d_ssp245_minus_target,NCA,N.Central-America,5.586471003209501
MIROC-ES2H,days_p95,d_SAI_minus_ssp245,NWN,N.W.North-America,-6.489289984747318
MIROC-ES2H,days_p95,d_SAI_minus_ssp245,NEN,N.E.North-America,-14.788907676472716
MIROC-ES2H,days_p95,d_SAI_minus_ssp245,WNA,W.North-America,1.6717754934887967
MIROC-ES2H,days_p95,d_SAI_minus_ssp245,CNA,C.North-America,-1.2232679118544765
MIROC-ES2H,days_p95,d_SAI_minus_ssp245,NCA,N.Central-America,-5.120697893039887
MIROC-ES2H,days_p95,d_HiLLA_minus_ssp245,NWN,N.W.North-America,-2.9375804189687953
MIROC-ES2H,days_p95,d_HiLLA_minus_ssp245,NEN,N.E.North-America,-9.225179170363646
MIROC-ES2H,days_p95,d_HiLLA_minus_ssp245,WNA,W.North-America,-3.992710441513908
MIROC-ES2H,days_p95,d_HiLLA_minus_ssp245,CNA,C.North-America,-11.125216237971639
MIROC-ES2H,days_p95,d_HiLLA_minus_ssp245,NCA,N.Central-America,-5.727185069182342
MIROC-ES2H,days_p95,d_HiLLA_minus_SAI,NWN,N.W.North-America,3.5517095657785225
MIROC-ES2H,days_p95,d_HiLLA_minus_SAI,NEN,N.E.North-America,5.563728506109072
MIROC-ES2H,days_p95,d_HiLLA_minus_SAI,WNA,W.North-America,-5.664485935002703
MIROC-ES2H,days_p95,d_HiLLA_minus_SAI,CNA,C.North-America,-9.901948326117163
MIROC-ES2H,days_p95,d_HiLLA_minus_SAI,NCA,N.Central-America,-0.6064871761424554
MIROC-ES2H,days_p95,d_SAI_minus_target,NWN,N.W.North-America,1.115423466001107
MIROC-ES2H,days_p95,d_SAI_minus_target,NEN,N.E.North-America,2.0154635652377255
MIROC-ES2H,days_p95,d_SAI_minus_target,WNA,W.North-America,1.8194830866812572
MIROC-ES2H,days_p95,d_SAI_minus_target,CNA,C.North-America,13.236527295243283
MIROC-ES2H,days_p95,d_SAI_minus_target,NCA,N.Central-America,0.465773110169614
MIROC-ES2H,days_p95,d_HiLLA_minus_target,NWN,N.W.North-America,4.667133031779629
MIROC-ES2H,days_p95,d_HiLLA_minus_target,NEN,N.E.North-America,7.579192071346798
MIROC-ES2H,days_p95,d_HiLLA_minus_target,WNA,W.North-America,-3.8450028483214465
MIROC-ES2H,days_p95,d_HiLLA_minus_target,CNA,C.North-America,3.334578969126118
MIROC-ES2H,days_p95,d_HiLLA_minus_target,NCA,N.Central-America,-0.1407140659728414
MIROC-ES2H,fwi_fs,target,NWN,N.W.North-America,5.501889114516282
MIROC-ES2H,fwi_fs,target,NEN,N.E.North-America,10.111068384523955
MIROC-ES2H,fwi_fs,target,WNA,W.North-America,28.369936375898867
MIROC-ES2H,fwi_fs,target,CNA,C.North-America,24.583899344063273
MIROC-ES2H,fwi_fs,target,NCA,N.Central-America,58.54615130604686
MIROC-ES2H,fwi_fs,ssp245,NWN,N.W.North-America,6.8276405482593745
MIROC-ES2H,fwi_fs,ssp245,NEN,N.E.North-America,13.794544655558758
MIROC-ES2H,fwi_fs,ssp245,WNA,W.North-America,27.539878392649932
MIROC-ES2H,fwi_fs,ssp245,CNA,C.North-America,29.905406052854204
MIROC-ES2H,fwi_fs,ssp245,NCA,N.Central-America,58.91261578082843
MIROC-ES2H,fwi_fs,G6-1.5K-SAI,NWN,N.W.North-America,5.644045346525151
MIROC-ES2H,fwi_fs,G6-1.5K-SAI,NEN,N.E.North-America,10.209209925420618
MIROC-ES2H,fwi_fs,G6-1.5K-SAI,WNA,W.North-America,28.301044153664414
MIROC-ES2H,fwi_fs,G6-1.5K-SAI,CNA,C.North-America,28.833091078904165
MIROC-ES2H,fwi_fs,G6-1.5K-SAI,NCA,N.Central-America,57.977717055463906
MIROC-ES2H,fwi_fs,G6-1.5K-HiLLA,NWN,N.W.North-America,5.955528569198064
MIROC-ES2H,fwi_fs,G6-1.5K-HiLLA,NEN,N.E.North-America,11.235771344559812
MIROC-ES2H,fwi_fs,G6-1.5K-HiLLA,WNA,W.North-America,26.276554848894698
MIROC-ES2H,fwi_fs,G6-1.5K-HiLLA,CNA,C.North-America,25.058535568696158
MIROC-ES2H,fwi_fs,G6-1.5K-HiLLA,NCA,N.Central-America,55.849450807816986
MIROC-ES2H,fwi_fs,d_ssp245_minus_target,NWN,N.W.North-America,1.3257514337430913
MIROC-ES2H,fwi_fs,d_ssp245_minus_target,NEN,N.E.North-America,3.683476271034802
MIROC-ES2H,fwi_fs,d_ssp245_minus_target,WNA,W.North-America,-0.8300579832489341
MIROC-ES2H,fwi_fs,d_ssp245_minus_target,CNA,C.North-America,5.321506708790934
MIROC-ES2H,fwi_fs,d_ssp245_minus_target,NCA,N.Central-America,0.3664644747815673
MIROC-ES2H,fwi_fs,d_SAI_minus_ssp245,NWN,N.W.North-America,-1.1835952017342226
MIROC-ES2H,fwi_fs,d_SAI_minus_ssp245,NEN,N.E.North-America,-3.5853347301381437
MIROC-ES2H,fwi_fs,d_SAI_minus_ssp245,WNA,W.North-America,0.7611657610144694
MIROC-ES2H,fwi_fs,d_SAI_minus_ssp245,CNA,C.North-America,-1.0723149739500388
MIROC-ES2H,fwi_fs,d_SAI_minus_ssp245,NCA,N.Central-America,-0.9348987253645343
MIROC-ES2H,fwi_fs,d_HiLLA_minus_ssp245,NWN,N.W.North-America,-0.8721119790613102
MIROC-ES2H,fwi_fs,d_HiLLA_minus_ssp245,NEN,N.E.North-America,-2.5587733109989474
MIROC-ES2H,fwi_fs,d_HiLLA_minus_ssp245,WNA,W.North-America,-1.2633235437552413
MIROC-ES2H,fwi_fs,d_HiLLA_minus_ssp245,CNA,C.North-America,-4.84687048415805
MIROC-ES2H,fwi_fs,d_HiLLA_minus_ssp245,NCA,N.Central-America,-3.0631649730114487
MIROC-ES2H,fwi_fs,d_HiLLA_minus_SAI,NWN,N.W.North-America,0.31148322267291195
MIROC-ES2H,fwi_fs,d_HiLLA_minus_SAI,NEN,N.E.North-America,1.026561419139196
MIROC-ES2H,fwi_fs,d_HiLLA_minus_SAI,WNA,W.North-America,-2.0244893047697103
MIROC-ES2H,fwi_fs,d_HiLLA_minus_SAI,CNA,C.North-America,-3.7745555102080104
MIROC-ES2H,fwi_fs,d_HiLLA_minus_SAI,NCA,N.Central-America,-2.1282662476469145
MIROC-ES2H,fwi_fs,d_SAI_minus_target,NWN,N.W.North-America,0.14215623200886904
MIROC-ES2H,fwi_fs,d_SAI_minus_target,NEN,N.E.North-America,0.09814154089665914
MIROC-ES2H,fwi_fs,d_SAI_minus_target,WNA,W.North-America,-0.06889222223446408
MIROC-ES2H,fwi_fs,d_SAI_minus_target,CNA,C.North-America,4.249191734840894
MIROC-ES2H,fwi_fs,d_SAI_minus_target,NCA,N.Central-America,-0.5684342505829667
MIROC-ES2H,fwi_fs,d_HiLLA_minus_target,NWN,N.W.North-America,0.45363945468178096
MIROC-ES2H,fwi_fs,d_HiLLA_minus_target,NEN,N.E.North-America,1.1247029600358551
MIROC-ES2H,fwi_fs,d_HiLLA_minus_target,WNA,W.North-America,-2.093381527004175
MIROC-ES2H,fwi_fs,d_HiLLA_minus_target,CNA,C.North-America,0.4746362246328833
MIROC-ES2H,fwi_fs,d_HiLLA_minus_target,NCA,N.Central-America,-2.6967004982298817
MIROC-ES2H,spell_max,target,NWN,N.W.North-America,7.042952914205447
MIROC-ES2H,spell_max,target,NEN,N.E.North-America,6.904542393512075
MIROC-ES2H,spell_max,target,WNA,W.North-America,9.590473455232054
MIROC-ES2H,spell_max,target,CNA,C.North-America,7.67156706874452
MIROC-ES2H,spell_max,target,NCA,N.Central-America,10.46196470046306
MIROC-ES2H,spell_max,ssp245,NWN,N.W.North-America,8.726978879511153
MIROC-ES2H,spell_max,ssp245,NEN,N.E.North-America,10.665486814821191
MIROC-ES2H,spell_max,ssp245,WNA,W.North-America,8.594866688061188
MIROC-ES2H,spell_max,ssp245,CNA,C.North-America,10.378960916170486
MIROC-ES2H,spell_max,ssp245,NCA,N.Central-America,12.364130371894309
MIROC-ES2H,spell_max,G6-1.5K-SAI,NWN,N.W.North-America,6.8811451936037304
MIROC-ES2H,spell_max,G6-1.5K-SAI,NEN,N.E.North-America,7.394915601875543
MIROC-ES2H,spell_max,G6-1.5K-SAI,WNA,W.North-America,9.710945357241519
MIROC-ES2H,spell_max,G6-1.5K-SAI,CNA,C.North-America,10.007738499437568
MIROC-ES2H,spell_max,G6-1.5K-SAI,NCA,N.Central-America,9.981880135567975
MIROC-ES2H,spell_max,G6-1.5K-HiLLA,NWN,N.W.North-America,7.639409503211689
MIROC-ES2H,spell_max,G6-1.5K-HiLLA,NEN,N.E.North-America,8.10321812231421
MIROC-ES2H,spell_max,G6-1.5K-HiLLA,WNA,W.North-America,7.620942957020426
MIROC-ES2H,spell_max,G6-1.5K-HiLLA,CNA,C.North-America,7.633867021874887
MIROC-ES2H,spell_max,G6-1.5K-HiLLA,NCA,N.Central-America,10.214754193331565
MIROC-ES2H,spell_max,d_ssp245_minus_target,NWN,N.W.North-America,1.6840259653057055
MIROC-ES2H,spell_max,d_ssp245_minus_target,NEN,N.E.North-America,3.7609444213091194
MIROC-ES2H,spell_max,d_ssp245_minus_target,WNA,W.North-America,-0.9956067671708673
MIROC-ES2H,spell_max,d_ssp245_minus_target,CNA,C.North-America,2.707393847425967
MIROC-ES2H,spell_max,d_ssp245_minus_target,NCA,N.Central-America,1.9021656714312478
MIROC-ES2H,spell_max,d_SAI_minus_ssp245,NWN,N.W.North-America,-1.8458336859074238
MIROC-ES2H,spell_max,d_SAI_minus_ssp245,NEN,N.E.North-America,-3.2705712129456495
MIROC-ES2H,spell_max,d_SAI_minus_ssp245,WNA,W.North-America,1.1160786691803355
MIROC-ES2H,spell_max,d_SAI_minus_ssp245,CNA,C.North-America,-0.3712224167329219
MIROC-ES2H,spell_max,d_SAI_minus_ssp245,NCA,N.Central-America,-2.3822502363263354
MIROC-ES2H,spell_max,d_HiLLA_minus_ssp245,NWN,N.W.North-America,-1.0875693762994645
MIROC-ES2H,spell_max,d_HiLLA_minus_ssp245,NEN,N.E.North-America,-2.5622686925069837
MIROC-ES2H,spell_max,d_HiLLA_minus_ssp245,WNA,W.North-America,-0.9739237310407597
MIROC-ES2H,spell_max,d_HiLLA_minus_ssp245,CNA,C.North-America,-2.7450938942956014
MIROC-ES2H,spell_max,d_HiLLA_minus_ssp245,NCA,N.Central-America,-2.1493761785627425
MIROC-ES2H,spell_max,d_HiLLA_minus_SAI,NWN,N.W.North-America,0.7582643096079592
MIROC-ES2H,spell_max,d_HiLLA_minus_SAI,NEN,N.E.North-America,0.708302520438666
MIROC-ES2H,spell_max,d_HiLLA_minus_SAI,WNA,W.North-America,-2.090002400221096
MIROC-ES2H,spell_max,d_HiLLA_minus_SAI,CNA,C.North-America,-2.373871477562679
MIROC-ES2H,spell_max,d_HiLLA_minus_SAI,NCA,N.Central-America,0.23287405776359243
MIROC-ES2H,spell_max,d_SAI_minus_target,NWN,N.W.North-America,-0.16180772060171808
MIROC-ES2H,spell_max,d_SAI_minus_target,NEN,N.E.North-America,0.49037320836346937
MIROC-ES2H,spell_max,d_SAI_minus_target,WNA,W.North-America,0.12047190200946813
MIROC-ES2H,spell_max,d_SAI_minus_target,CNA,C.North-America,2.3361714306930454
MIROC-ES2H,spell_max,d_SAI_minus_target,NCA,N.Central-America,-0.48008456489508683
MIROC-ES2H,spell_max,d_HiLLA_minus_target,NWN,N.W.North-America,0.5964565890062411
MIROC-ES2H,spell_max,d_HiLLA_minus_target,NEN,N.E.North-America,1.1986757288021352
MIROC-ES2H,spell_max,d_HiLLA_minus_target,WNA,W.North-America,-1.9695304982116282
MIROC-ES2H,spell_max,d_HiLLA_minus_target,CNA,C.North-America,-0.03770004686963378
MIROC-ES2H,spell_max,d_HiLLA_minus_target,NCA,N.Central-America,-0.24721050713149442
MIROC-ES2H,days_abs,target,NWN,N.W.North-America,4.036573146801064
MIROC-ES2H,days_abs,target,NEN,N.E.North-America,5.124526895585478
MIROC-ES2H,days_abs,target,WNA,W.North-America,57.01116931396822
MIROC-ES2H,days_abs,target,CNA,C.North-America,45.62790339730866
MIROC-ES2H,days_abs,target,NCA,N.Central-America,176.3780119396422
MIROC-ES2H,days_abs,ssp245,NWN,N.W.North-America,7.762455142784942
MIROC-ES2H,days_abs,ssp245,NEN,N.E.North-America,12.759421603430274
MIROC-ES2H,days_abs,ssp245,WNA,W.North-America,57.43805991066636
MIROC-ES2H,days_abs,ssp245,CNA,C.North-America,65.3430237225762
MIROC-ES2H,days_abs,ssp245,NCA,N.Central-America,193.9413189162618
MIROC-ES2H,days_abs,G6-1.5K-SAI,NWN,N.W.North-America,4.621750470767056
MIROC-ES2H,days_abs,G6-1.5K-SAI,NEN,N.E.North-America,6.161979092668729
MIROC-ES2H,days_abs,G6-1.5K-SAI,WNA,W.North-America,58.829456069919196
MIROC-ES2H,days_abs,G6-1.5K-SAI,CNA,C.North-America,64.28517928751528
MIROC-ES2H,days_abs,G6-1.5K-SAI,NCA,N.Central-America,192.3725455379398
MIROC-ES2H,days_abs,G6-1.5K-HiLLA,NWN,N.W.North-America,5.545833462372072
MIROC-ES2H,days_abs,G6-1.5K-HiLLA,NEN,N.E.North-America,7.102478881863502
MIROC-ES2H,days_abs,G6-1.5K-HiLLA,WNA,W.North-America,54.56685964539418
MIROC-ES2H,days_abs,G6-1.5K-HiLLA,CNA,C.North-America,51.97619914738094
MIROC-ES2H,days_abs,G6-1.5K-HiLLA,NCA,N.Central-America,181.95965725787127
MIROC-ES2H,days_abs,d_ssp245_minus_target,NWN,N.W.North-America,3.7258819959838774
MIROC-ES2H,days_abs,d_ssp245_minus_target,NEN,N.E.North-America,7.634894707844797
MIROC-ES2H,days_abs,d_ssp245_minus_target,WNA,W.North-America,0.4268905966981524
MIROC-ES2H,days_abs,d_ssp245_minus_target,CNA,C.North-America,19.71512032526755
MIROC-ES2H,days_abs,d_ssp245_minus_target,NCA,N.Central-America,17.563306976619607
MIROC-ES2H,days_abs,d_SAI_minus_ssp245,NWN,N.W.North-America,-3.140704672017887
MIROC-ES2H,days_abs,d_SAI_minus_ssp245,NEN,N.E.North-America,-6.597442510761545
MIROC-ES2H,days_abs,d_SAI_minus_ssp245,WNA,W.North-America,1.391396159252845
MIROC-ES2H,days_abs,d_SAI_minus_ssp245,CNA,C.North-America,-1.0578444350609355
MIROC-ES2H,days_abs,d_SAI_minus_ssp245,NCA,N.Central-America,-1.5687733783219777
MIROC-ES2H,days_abs,d_HiLLA_minus_ssp245,NWN,N.W.North-America,-2.216621680412869
MIROC-ES2H,days_abs,d_HiLLA_minus_ssp245,NEN,N.E.North-America,-5.656942721566773
MIROC-ES2H,days_abs,d_HiLLA_minus_ssp245,WNA,W.North-America,-2.8712002652721935
MIROC-ES2H,days_abs,d_HiLLA_minus_ssp245,CNA,C.North-America,-13.366824575195267
MIROC-ES2H,days_abs,d_HiLLA_minus_ssp245,NCA,N.Central-America,-11.981661658390529
MIROC-ES2H,days_abs,d_HiLLA_minus_SAI,NWN,N.W.North-America,0.9240829916050173
MIROC-ES2H,days_abs,d_HiLLA_minus_SAI,NEN,N.E.North-America,0.9404997891947724
MIROC-ES2H,days_abs,d_HiLLA_minus_SAI,WNA,W.North-America,-4.2625964245250385
MIROC-ES2H,days_abs,d_HiLLA_minus_SAI,CNA,C.North-America,-12.308980140134336
MIROC-ES2H,days_abs,d_HiLLA_minus_SAI,NCA,N.Central-America,-10.412888280068548
MIROC-ES2H,days_abs,d_SAI_minus_target,NWN,N.W.North-America,0.5851773239659916
MIROC-ES2H,days_abs,d_SAI_minus_target,NEN,N.E.North-America,1.0374521970832513
MIROC-ES2H,days_abs,d_SAI_minus_target,WNA,W.North-America,1.818286755950998
MIROC-ES2H,days_abs,d_SAI_minus_target,CNA,C.North-America,18.657275890206616
MIROC-ES2H,days_abs,d_SAI_minus_target,NCA,N.Central-America,15.994533598297629
MIROC-ES2H,days_abs,d_HiLLA_minus_target,NWN,N.W.North-America,1.5092603155710091
MIROC-ES2H,days_abs,d_HiLLA_minus_target,NEN,N.E.North-America,1.977951986278024
MIROC-ES2H,days_abs,d_HiLLA_minus_target,WNA,W.North-America,-2.444309668574041
MIROC-ES2H,days_abs,d_HiLLA_minus_target,CNA,C.North-America,6.348295750072279
MIROC-ES2H,days_abs,d_HiLLA_minus_target,NCA,N.Central-America,5.581645318229079
CESM2-WACCM,days_p95,target,NWN,N.W.North-America,18.25000000000001
CESM2-WACCM,days_p95,target,NEN,N.E.North-America,18.249999999999996
CESM2-WACCM,days_p95,target,WNA,W.North-America,18.249999999999996
CESM2-WACCM,days_p95,target,CNA,C.North-America,18.250000000000004
CESM2-WACCM,days_p95,target,NCA,N.Central-America,18.250000000000004
CESM2-WACCM,days_p95,ssp245,NWN,N.W.North-America,37.79668616649048
CESM2-WACCM,days_p95,ssp245,NEN,N.E.North-America,46.3604472603606
CESM2-WACCM,days_p95,ssp245,WNA,W.North-America,19.506905965984302
CESM2-WACCM,days_p95,ssp245,CNA,C.North-America,22.1647231457126
CESM2-WACCM,days_p95,ssp245,NCA,N.Central-America,20.154360256059345
CESM2-WACCM,days_p95,G6-1.5K-SAI,NWN,N.W.North-America,0.0
CESM2-WACCM,days_p95,G6-1.5K-SAI,NEN,N.E.North-America,0.0
CESM2-WACCM,days_p95,G6-1.5K-SAI,WNA,W.North-America,0.0
CESM2-WACCM,days_p95,G6-1.5K-SAI,CNA,C.North-America,0.0
CESM2-WACCM,days_p95,G6-1.5K-SAI,NCA,N.Central-America,0.0
CESM2-WACCM,days_p95,G6-1.5K-HiLLA,NWN,N.W.North-America,0.0
CESM2-WACCM,days_p95,G6-1.5K-HiLLA,NEN,N.E.North-America,0.0
CESM2-WACCM,days_p95,G6-1.5K-HiLLA,WNA,W.North-America,0.0
CESM2-WACCM,days_p95,G6-1.5K-HiLLA,CNA,C.North-America,0.0
CESM2-WACCM,days_p95,G6-1.5K-HiLLA,NCA,N.Central-America,0.0
CESM2-WACCM,days_p95,d_ssp245_minus_target,NWN,N.W.North-America,19.546686166490467
CESM2-WACCM,days_p95,d_ssp245_minus_target,NEN,N.E.North-America,28.11044726036061
CESM2-WACCM,days_p95,d_ssp245_minus_target,WNA,W.North-America,1.256905965984297
CESM2-WACCM,days_p95,d_ssp245_minus_target,CNA,C.North-America,3.914723145712598
CESM2-WACCM,days_p95,d_ssp245_minus_target,NCA,N.Central-America,1.9043602560593489
CESM2-WACCM,days_p95,d_SAI_minus_ssp245,NWN,N.W.North-America,-37.79668616649048
CESM2-WACCM,days_p95,d_SAI_minus_ssp245,NEN,N.E.North-America,-46.3604472603606
CESM2-WACCM,days_p95,d_SAI_minus_ssp245,WNA,W.North-America,-19.506905965984302
CESM2-WACCM,days_p95,d_SAI_minus_ssp245,CNA,C.North-America,-22.1647231457126
CESM2-WACCM,days_p95,d_SAI_minus_ssp245,NCA,N.Central-America,-20.154360256059345
CESM2-WACCM,days_p95,d_HiLLA_minus_ssp245,NWN,N.W.North-America,-37.79668616649048
CESM2-WACCM,days_p95,d_HiLLA_minus_ssp245,NEN,N.E.North-America,-46.3604472603606
CESM2-WACCM,days_p95,d_HiLLA_minus_ssp245,WNA,W.North-America,-19.506905965984302
CESM2-WACCM,days_p95,d_HiLLA_minus_ssp245,CNA,C.North-America,-22.1647231457126
CESM2-WACCM,days_p95,d_HiLLA_minus_ssp245,NCA,N.Central-America,-20.154360256059345
CESM2-WACCM,days_p95,d_HiLLA_minus_SAI,NWN,N.W.North-America,0.0
CESM2-WACCM,days_p95,d_HiLLA_minus_SAI,NEN,N.E.North-America,0.0
CESM2-WACCM,days_p95,d_HiLLA_minus_SAI,WNA,W.North-America,0.0
CESM2-WACCM,days_p95,d_HiLLA_minus_SAI,CNA,C.North-America,0.0
CESM2-WACCM,days_p95,d_HiLLA_minus_SAI,NCA,N.Central-America,0.0
CESM2-WACCM,days_p95,d_SAI_minus_target,NWN,N.W.North-America,-18.25000000000001
CESM2-WACCM,days_p95,d_SAI_minus_target,NEN,N.E.North-America,-18.249999999999996
CESM2-WACCM,days_p95,d_SAI_minus_target,WNA,W.North-America,-18.249999999999996
CESM2-WACCM,days_p95,d_SAI_minus_target,CNA,C.North-America,-18.250000000000004
CESM2-WACCM,days_p95,d_SAI_minus_target,NCA,N.Central-America,-18.250000000000004
CESM2-WACCM,days_p95,d_HiLLA_minus_target,NWN,N.W.North-America,-18.25000000000001
CESM2-WACCM,days_p95,d_HiLLA_minus_target,NEN,N.E.North-America,-18.249999999999996
CESM2-WACCM,days_p95,d_HiLLA_minus_target,WNA,W.North-America,-18.249999999999996
CESM2-WACCM,days_p95,d_HiLLA_minus_target,CNA,C.North-America,-18.250000000000004
CESM2-WACCM,days_p95,d_HiLLA_minus_target,NCA,N.Central-America,-18.250000000000004
CESM2-WACCM,fwi_fs,target,NWN,N.W.North-America,7.193745194348356
CESM2-WACCM,fwi_fs,target,NEN,N.E.North-America,10.4688201211889
CESM2-WACCM,fwi_fs,target,WNA,W.North-America,28.044480278458405
CESM2-WACCM,fwi_fs,target,CNA,C.North-America,34.6885278447613
CESM2-WACCM,fwi_fs,target,NCA,N.Central-America,44.406611529735535
CESM2-WACCM,fwi_fs,ssp245,NWN,N.W.North-America,10.335529000948334
CESM2-WACCM,fwi_fs,ssp245,NEN,N.E.North-America,16.504911194273475
CESM2-WACCM,fwi_fs,ssp245,WNA,W.North-America,26.995873337033853
CESM2-WACCM,fwi_fs,ssp245,CNA,C.North-America,35.4121935706695
CESM2-WACCM,fwi_fs,ssp245,NCA,N.Central-America,44.07437919121936
CESM2-WACCM,fwi_fs,G6-1.5K-SAI,NWN,N.W.North-America,7.133612500926754e-10
CESM2-WACCM,fwi_fs,G6-1.5K-SAI,NEN,N.E.North-America,8.819153599659326e-10
CESM2-WACCM,fwi_fs,G6-1.5K-SAI,WNA,W.North-America,8.181106727124418e-10
CESM2-WACCM,fwi_fs,G6-1.5K-SAI,CNA,C.North-America,9.774857774835585e-10
CESM2-WACCM,fwi_fs,G6-1.5K-SAI,NCA,N.Central-America,9.828479114687348e-10
CESM2-WACCM,fwi_fs,G6-1.5K-HiLLA,NWN,N.W.North-America,7.103380036515548e-10
CESM2-WACCM,fwi_fs,G6-1.5K-HiLLA,NEN,N.E.North-America,8.747605604692145e-10
CESM2-WACCM,fwi_fs,G6-1.5K-HiLLA,WNA,W.North-America,8.366442856811258e-10
CESM2-WACCM,fwi_fs,G6-1.5K-HiLLA,CNA,C.North-America,1.0012149733248584e-09
CESM2-WACCM,fwi_fs,G6-1.5K-HiLLA,NCA,N.Central-America,1.052156292876702e-09
CESM2-WACCM,fwi_fs,d_ssp245_minus_target,NWN,N.W.North-America,3.1417838065999777
CESM2-WACCM,fwi_fs,d_ssp245_minus_target,NEN,N.E.North-America,6.036091073084573
CESM2-WACCM,fwi_fs,d_ssp245_minus_target,WNA,W.North-America,-1.048606941424544
CESM2-WACCM,fwi_fs,d_ssp245_minus_target,CNA,C.North-America,0.7236657259082083
CESM2-WACCM,fwi_fs,d_ssp245_minus_target,NCA,N.Central-America,-0.33223233851617406
CESM2-WACCM,fwi_fs,d_SAI_minus_ssp245,NWN,N.W.North-America,-10.335529000234972
CESM2-WACCM,fwi_fs,d_SAI_minus_ssp245,NEN,N.E.North-America,-16.50491119339156
CESM2-WACCM,fwi_fs,d_SAI_minus_ssp245,WNA,W.North-America,-26.995873336215734
CESM2-WACCM,fwi_fs,d_SAI_minus_ssp245,CNA,C.North-America,-35.41219356969202
CESM2-WACCM,fwi_fs,d_SAI_minus_ssp245,NCA,N.Central-America,-44.07437919023651
CESM2-WACCM,fwi_fs,d_HiLLA_minus_ssp245,NWN,N.W.North-America,-10.335529000237994
CESM2-WACCM,fwi_fs,d_HiLLA_minus_ssp245,NEN,N.E.North-America,-16.504911193398712
CESM2-WACCM,fwi_fs,d_HiLLA_minus_ssp245,WNA,W.North-America,-26.995873336197214
CESM2-WACCM,fwi_fs,d_HiLLA_minus_ssp245,CNA,C.North-America,-35.412193569668304
CESM2-WACCM,fwi_fs,d_HiLLA_minus_ssp245,NCA,N.Central-America,-44.07437919016721
CESM2-WACCM,fwi_fs,d_HiLLA_minus_SAI,NWN,N.W.North-America,-3.0232464411203365e-12
CESM2-WACCM,fwi_fs,d_HiLLA_minus_SAI,NEN,N.E.North-America,-7.154799496717836e-12
CESM2-WACCM,fwi_fs,d_HiLLA_minus_SAI,WNA,W.North-America,1.8533612968684016e-11
CESM2-WACCM,fwi_fs,d_HiLLA_minus_SAI,CNA,C.North-America,2.3729195841299883e-11
CESM2-WACCM,fwi_fs,d_HiLLA_minus_SAI,NCA,N.Central-America,6.930838140796728e-11
CESM2-WACCM,fwi_fs,d_SAI_minus_target,NWN,N.W.North-America,-7.193745193634995
CESM2-WACCM,fwi_fs,d_SAI_minus_target,NEN,N.E.North-America,-10.468820120306985
CESM2-WACCM,fwi_fs,d_SAI_minus_target,WNA,W.North-America,-28.044480277640293
CESM2-WACCM,fwi_fs,d_SAI_minus_target,CNA,C.North-America,-34.68852784378381
CESM2-WACCM,fwi_fs,d_SAI_minus_target,NCA,N.Central-America,-44.40661152875268
CESM2-WACCM,fwi_fs,d_HiLLA_minus_target,NWN,N.W.North-America,-7.193745193638017
CESM2-WACCM,fwi_fs,d_HiLLA_minus_target,NEN,N.E.North-America,-10.46882012031414
CESM2-WACCM,fwi_fs,d_HiLLA_minus_target,WNA,W.North-America,-28.04448027762176
CESM2-WACCM,fwi_fs,d_HiLLA_minus_target,CNA,C.North-America,-34.68852784376009
CESM2-WACCM,fwi_fs,d_HiLLA_minus_target,NCA,N.Central-America,-44.406611528683385
CESM2-WACCM,spell_max,target,NWN,N.W.North-America,7.826214639723454
CESM2-WACCM,spell_max,target,NEN,N.E.North-America,6.164581860297176
CESM2-WACCM,spell_max,target,WNA,W.North-America,6.99380271358454
CESM2-WACCM,spell_max,target,CNA,C.North-America,5.7919363085370685
CESM2-WACCM,spell_max,target,NCA,N.Central-America,6.376608302533219
CESM2-WACCM,spell_max,ssp245,NWN,N.W.North-America,13.679622008771284
CESM2-WACCM,spell_max,ssp245,NEN,N.E.North-America,13.796493145844002
CESM2-WACCM,spell_max,ssp245,WNA,W.North-America,7.739196854961314
CESM2-WACCM,spell_max,ssp245,CNA,C.North-America,7.431726157519922
CESM2-WACCM,spell_max,ssp245,NCA,N.Central-America,6.793485861948959
CESM2-WACCM,spell_max,G6-1.5K-SAI,NWN,N.W.North-America,0.0
CESM2-WACCM,spell_max,G6-1.5K-SAI,NEN,N.E.North-America,0.0
CESM2-WACCM,spell_max,G6-1.5K-SAI,WNA,W.North-America,0.0
CESM2-WACCM,spell_max,G6-1.5K-SAI,CNA,C.North-America,0.0
CESM2-WACCM,spell_max,G6-1.5K-SAI,NCA,N.Central-America,0.0
CESM2-WACCM,spell_max,G6-1.5K-HiLLA,NWN,N.W.North-America,0.0
CESM2-WACCM,spell_max,G6-1.5K-HiLLA,NEN,N.E.North-America,0.0
CESM2-WACCM,spell_max,G6-1.5K-HiLLA,WNA,W.North-America,0.0
CESM2-WACCM,spell_max,G6-1.5K-HiLLA,CNA,C.North-America,0.0
CESM2-WACCM,spell_max,G6-1.5K-HiLLA,NCA,N.Central-America,0.0
CESM2-WACCM,spell_max,d_ssp245_minus_target,NWN,N.W.North-America,5.85340736904783
CESM2-WACCM,spell_max,d_ssp245_minus_target,NEN,N.E.North-America,7.631911285546825
CESM2-WACCM,spell_max,d_ssp245_minus_target,WNA,W.North-America,0.7453941413767765
CESM2-WACCM,spell_max,d_ssp245_minus_target,CNA,C.North-America,1.639789848982854
CESM2-WACCM,spell_max,d_ssp245_minus_target,NCA,N.Central-America,0.4168775594157391
CESM2-WACCM,spell_max,d_SAI_minus_ssp245,NWN,N.W.North-America,-13.679622008771284
CESM2-WACCM,spell_max,d_SAI_minus_ssp245,NEN,N.E.North-America,-13.796493145844002
CESM2-WACCM,spell_max,d_SAI_minus_ssp245,WNA,W.North-America,-7.739196854961314
CESM2-WACCM,spell_max,d_SAI_minus_ssp245,CNA,C.North-America,-7.431726157519922
CESM2-WACCM,spell_max,d_SAI_minus_ssp245,NCA,N.Central-America,-6.793485861948959
CESM2-WACCM,spell_max,d_HiLLA_minus_ssp245,NWN,N.W.North-America,-13.679622008771284
CESM2-WACCM,spell_max,d_HiLLA_minus_ssp245,NEN,N.E.North-America,-13.796493145844002
CESM2-WACCM,spell_max,d_HiLLA_minus_ssp245,WNA,W.North-America,-7.739196854961314
CESM2-WACCM,spell_max,d_HiLLA_minus_ssp245,CNA,C.North-America,-7.431726157519922
CESM2-WACCM,spell_max,d_HiLLA_minus_ssp245,NCA,N.Central-America,-6.793485861948959
CESM2-WACCM,spell_max,d_HiLLA_minus_SAI,NWN,N.W.North-America,0.0
CESM2-WACCM,spell_max,d_HiLLA_minus_SAI,NEN,N.E.North-America,0.0
CESM2-WACCM,spell_max,d_HiLLA_minus_SAI,WNA,W.North-America,0.0
CESM2-WACCM,spell_max,d_HiLLA_minus_SAI,CNA,C.North-America,0.0
CESM2-WACCM,spell_max,d_HiLLA_minus_SAI,NCA,N.Central-America,0.0
CESM2-WACCM,spell_max,d_SAI_minus_target,NWN,N.W.North-America,-7.826214639723454
CESM2-WACCM,spell_max,d_SAI_minus_target,NEN,N.E.North-America,-6.164581860297176
CESM2-WACCM,spell_max,d_SAI_minus_target,WNA,W.North-America,-6.99380271358454
CESM2-WACCM,spell_max,d_SAI_minus_target,CNA,C.North-America,-5.7919363085370685
CESM2-WACCM,spell_max,d_SAI_minus_target,NCA,N.Central-America,-6.376608302533219
CESM2-WACCM,spell_max,d_HiLLA_minus_target,NWN,N.W.North-America,-7.826214639723454
CESM2-WACCM,spell_max,d_HiLLA_minus_target,NEN,N.E.North-America,-6.164581860297176
CESM2-WACCM,spell_max,d_HiLLA_minus_target,WNA,W.North-America,-6.99380271358454
CESM2-WACCM,spell_max,d_HiLLA_minus_target,CNA,C.North-America,-5.7919363085370685
CESM2-WACCM,spell_max,d_HiLLA_minus_target,NCA,N.Central-America,-6.376608302533219
CESM2-WACCM,days_abs,target,NWN,N.W.North-America,4.569628736172307
CESM2-WACCM,days_abs,target,NEN,N.E.North-America,6.6160344827549595
CESM2-WACCM,days_abs,target,WNA,W.North-America,56.580550408121766
CESM2-WACCM,days_abs,target,CNA,C.North-America,76.65189683083285
CESM2-WACCM,days_abs,target,NCA,N.Central-America,135.7119341604916
CESM2-WACCM,days_abs,ssp245,NWN,N.W.North-America,11.27837943252205
CESM2-WACCM,days_abs,ssp245,NEN,N.E.North-America,19.274430726838006
CESM2-WACCM,days_abs,ssp245,WNA,W.North-America,56.357174090599656
CESM2-WACCM,days_abs,ssp245,CNA,C.North-America,80.12337345926471
CESM2-WACCM,days_abs,ssp245,NCA,N.Central-America,141.71699520176944
CESM2-WACCM,days_abs,G6-1.5K-SAI,NWN,N.W.North-America,0.0
CESM2-WACCM,days_abs,G6-1.5K-SAI,NEN,N.E.North-America,0.0
CESM2-WACCM,days_abs,G6-1.5K-SAI,WNA,W.North-America,0.0
CESM2-WACCM,days_abs,G6-1.5K-SAI,CNA,C.North-America,0.0
CESM2-WACCM,days_abs,G6-1.5K-SAI,NCA,N.Central-America,0.0
CESM2-WACCM,days_abs,G6-1.5K-HiLLA,NWN,N.W.North-America,0.0
CESM2-WACCM,days_abs,G6-1.5K-HiLLA,NEN,N.E.North-America,0.0
CESM2-WACCM,days_abs,G6-1.5K-HiLLA,WNA,W.North-America,0.0
CESM2-WACCM,days_abs,G6-1.5K-HiLLA,CNA,C.North-America,0.0
CESM2-WACCM,days_abs,G6-1.5K-HiLLA,NCA,N.Central-America,0.0
CESM2-WACCM,days_abs,d_ssp245_minus_target,NWN,N.W.North-America,6.708750696349743
CESM2-WACCM,days_abs,d_ssp245_minus_target,NEN,N.E.North-America,12.658396244083043
CESM2-WACCM,days_abs,d_ssp245_minus_target,WNA,W.North-America,-0.22337631752208684
CESM2-WACCM,days_abs,d_ssp245_minus_target,CNA,C.North-America,3.47147662843187
CESM2-WACCM,days_abs,d_ssp245_minus_target,NCA,N.Central-America,6.005061041277818
CESM2-WACCM,days_abs,d_SAI_minus_ssp245,NWN,N.W.North-America,-11.27837943252205
CESM2-WACCM,days_abs,d_SAI_minus_ssp245,NEN,N.E.North-America,-19.274430726838006
CESM2-WACCM,days_abs,d_SAI_minus_ssp245,WNA,W.North-America,-56.357174090599656
CESM2-WACCM,days_abs,d_SAI_minus_ssp245,CNA,C.North-America,-80.12337345926471
CESM2-WACCM,days_abs,d_SAI_minus_ssp245,NCA,N.Central-America,-141.71699520176944
CESM2-WACCM,days_abs,d_HiLLA_minus_ssp245,NWN,N.W.North-America,-11.27837943252205
CESM2-WACCM,days_abs,d_HiLLA_minus_ssp245,NEN,N.E.North-America,-19.274430726838006
CESM2-WACCM,days_abs,d_HiLLA_minus_ssp245,WNA,W.North-America,-56.357174090599656
CESM2-WACCM,days_abs,d_HiLLA_minus_ssp245,CNA,C.North-America,-80.12337345926471
CESM2-WACCM,days_abs,d_HiLLA_minus_ssp245,NCA,N.Central-America,-141.71699520176944
CESM2-WACCM,days_abs,d_HiLLA_minus_SAI,NWN,N.W.North-America,0.0
CESM2-WACCM,days_abs,d_HiLLA_minus_SAI,NEN,N.E.North-America,0.0
CESM2-WACCM,days_abs,d_HiLLA_minus_SAI,WNA,W.North-America,0.0
CESM2-WACCM,days_abs,d_HiLLA_minus_SAI,CNA,C.North-America,0.0
CESM2-WACCM,days_abs,d_HiLLA_minus_SAI,NCA,N.Central-America,0.0
CESM2-WACCM,days_abs,d_SAI_minus_target,NWN,N.W.North-America,-4.569628736172307
CESM2-WACCM,days_abs,d_SAI_minus_target,NEN,N.E.North-America,-6.6160344827549595
CESM2-WACCM,days_abs,d_SAI_minus_target,WNA,W.North-America,-56.580550408121766
CESM2-WACCM,days_abs,d_SAI_minus_target,CNA,C.North-America,-76.65189683083285
CESM2-WACCM,days_abs,d_SAI_minus_target,NCA,N.Central-America,-135.7119341604916
CESM2-WACCM,days_abs,d_HiLLA_minus_target,NWN,N.W.North-America,-4.569628736172307
CESM2-WACCM,days_abs,d_HiLLA_minus_target,NEN,N.E.North-America,-6.6160344827549595
CESM2-WACCM,days_abs,d_HiLLA_minus_target,WNA,W.North-America,-56.580550408121766
CESM2-WACCM,days_abs,d_HiLLA_minus_target,CNA,C.North-America,-76.65189683083285
CESM2-WACCM,days_abs,d_HiLLA_minus_target,NCA,N.Central-America,-135.7119341604916
